{"initial_reset_timestamp": 1544066898.2928965, "episode_lengths": [2963, 3631, 5239, 3336, 3235, 3808, 3292, 4987, 4893, 4399, 3620, 2901, 3828, 3381, 4117, 4648, 4754, 4240, 4878, 3221], "episode_rewards": [222.0, 290.0, 436.0, 298.0, 234.0, 304.0, 250.0, 418.0, 410.0, 418.0, 252.0, 200.0, 320.0, 292.0, 342.0, 406.0, 416.0, 352.0, 372.0, 260.0], "timestamps": [1544066909.2037444, 1544066922.3476312, 1544066938.7622783, 1544066949.2481613, 1544066959.3399951, 1544066971.436159, 1544066982.17371, 1544066999.2811983, 1544067018.0209978, 1544067033.4249878, 1544067046.05454, 1544067056.1834724, 1544067069.569064, 1544067081.5007913, 1544067095.919153, 1544067111.7452419, 1544067126.7016122, 1544067140.051085, 1544067155.3778696, 1544067165.4576395], "episode_types": ["t", "t", "t", "t", "t", "t", "t", "t", "t", "t", "t", "t", "t", "t", "t", "t", "t", "t", "t", "t"]}