{"episode_types": ["t", "t", "t", "t", "t", "t", "t", "t", "t", "t"], "episode_lengths": [708, 708, 708, 708, 708, 708, 708, 708, 708, 708], "episode_rewards": [28.0, 28.0, 28.0, 28.0, 28.0, 28.0, 28.0, 28.0, 28.0, 28.0], "timestamps": [1543767246.5166168, 1543767253.0928874, 1543767258.508026, 1543767264.2352052, 1543767270.4074097, 1543767276.1014416, 1543767282.160743, 1543767287.7654097, 1543767294.3018854, 1543767299.53871], "initial_reset_timestamp": 1543767239.8638797}